{"cameraMode":{"drawMode":0,"name":"Shaded","section":"Shading Mode"},"sceneLighting":false,"audioPlay":false,"sceneViewState":{"showFog":false,"showMaterialUpdate":false,"showSkybox":false,"showFlares":false,"showImageEffects":false,"showParticleSystems":false},"in2DMode":false,"pivot":{"x":159.85366821289063,"y":227.19805908203126,"z":67.65383911132813},"rotation":{"x":0.004144425969570875,"y":-0.14736336469650269,"z":-0.0006181409698911011,"w":-0.9890735745429993},"size":22.0,"orthographic":false}