{"cameraMode":{"drawMode":0,"name":"Shaded","section":"Shading Mode"},"sceneLighting":false,"audioPlay":false,"sceneViewState":{"showFog":false,"showMaterialUpdate":false,"showSkybox":false,"showFlares":false,"showImageEffects":false,"showParticleSystems":false},"in2DMode":false,"pivot":{"x":2.624737024307251,"y":-0.49561166763305666,"z":-0.06738567352294922},"rotation":{"x":-0.4383024275302887,"y":-0.20263414084911347,"z":0.10211356729269028,"w":-0.8697144389152527},"size":8.283976554870606,"orthographic":false}