{"cameraMode":{"drawMode":0,"name":"Shaded","section":"Shading Mode"},"sceneLighting":true,"audioPlay":false,"sceneViewState":{"showFog":false,"showMaterialUpdate":false,"showSkybox":false,"showFlares":false,"showImageEffects":false,"showParticleSystems":false},"in2DMode":false,"pivot":{"x":286.6237487792969,"y":244.97500610351563,"z":0.0},"rotation":{"x":0.06844815611839295,"y":-0.23565952479839326,"z":0.016640786081552507,"w":0.969279408454895},"size":164.65101623535157,"orthographic":false}