{"cameraMode":{"drawMode":0,"name":"Shaded","section":"Shading Mode"},"sceneLighting":true,"audioPlay":false,"sceneViewState":{"showFog":false,"showMaterialUpdate":false,"showSkybox":false,"showFlares":false,"showImageEffects":false,"showParticleSystems":false},"in2DMode":false,"pivot":{"x":-3.888077735900879,"y":3.5865135192871095,"z":0.4185752868652344},"rotation":{"x":0.26068004965782168,"y":-0.04342629387974739,"z":0.011738384142518044,"w":0.9643766283988953},"size":61.33503341674805,"orthographic":false}