{"cameraMode":{"drawMode":0,"name":"Shaded","section":"Shading Mode"},"sceneLighting":true,"audioPlay":false,"sceneViewState":{"showFog":false,"showMaterialUpdate":false,"showSkybox":false,"showFlares":false,"showImageEffects":false,"showParticleSystems":false},"in2DMode":false,"pivot":{"x":315.25885009765627,"y":176.11192321777345,"z":-57.061859130859378},"rotation":{"x":-0.17577503621578217,"y":-0.056956417858600619,"z":0.010281960479915142,"w":-0.982727587223053},"size":451.8469543457031,"orthographic":false}