{"cameraMode":{"drawMode":0,"name":"Shaded","section":"Shading Mode"},"sceneLighting":true,"audioPlay":false,"sceneViewState":{"showFog":false,"showMaterialUpdate":false,"showSkybox":false,"showFlares":false,"showImageEffects":false,"showParticleSystems":false},"in2DMode":false,"pivot":{"x":392.6474914550781,"y":248.79498291015626,"z":0.0},"rotation":{"x":0.06594152748584748,"y":0.01795893721282482,"z":-0.0011879124213010073,"w":0.9976611733436585},"size":778.3487548828125,"orthographic":false}