{"cameraMode":{"drawMode":0,"name":"Shaded","section":"Shading Mode"},"sceneLighting":true,"audioPlay":false,"sceneViewState":{"showFog":false,"showMaterialUpdate":false,"showSkybox":false,"showFlares":false,"showImageEffects":false,"showParticleSystems":false},"in2DMode":false,"pivot":{"x":-0.7302583456039429,"y":0.9057274460792542,"z":0.0425700843334198},"rotation":{"x":-0.011973334476351738,"y":-0.061456527560949329,"z":-0.0007515030447393656,"w":0.9980376362800598},"size":11.086711883544922,"orthographic":false}