{"cameraMode":{"drawMode":0,"name":"Shaded","section":"Shading Mode"},"sceneLighting":true,"audioPlay":false,"sceneViewState":{"showFog":false,"showMaterialUpdate":false,"showSkybox":false,"showFlares":false,"showImageEffects":false,"showParticleSystems":false},"in2DMode":false,"pivot":{"x":5.424407958984375,"y":9.288581848144532,"z":84.63621520996094},"rotation":{"x":0.1016746312379837,"y":0.053693145513534549,"z":-0.005496558733284473,"w":0.9933525323867798},"size":124.26060485839844,"orthographic":false}