{"cameraMode":{"drawMode":0,"name":"Shaded","section":"Shading Mode"},"sceneLighting":true,"audioPlay":false,"sceneViewState":{"showFog":false,"showMaterialUpdate":false,"showSkybox":false,"showFlares":false,"showImageEffects":false,"showParticleSystems":false},"in2DMode":false,"pivot":{"x":0.4412551522254944,"y":-0.270784854888916,"z":-5.155612468719482},"rotation":{"x":0.3226301968097687,"y":-0.12444993108510971,"z":0.04283894598484039,"w":0.9373296499252319},"size":5.83927583694458,"orthographic":false}