{"cameraMode":{"drawMode":0,"name":"Shaded","section":"Shading Mode"},"sceneLighting":false,"audioPlay":false,"sceneViewState":{"showFog":false,"showMaterialUpdate":false,"showSkybox":false,"showFlares":false,"showImageEffects":false,"showParticleSystems":false},"in2DMode":false,"pivot":{"x":342.3128662109375,"y":158.66958618164063,"z":52.6600341796875},"rotation":{"x":-0.07673044502735138,"y":0.009568015113472939,"z":-0.0007380967726930976,"w":-0.9970057606697083},"size":848.7943115234375,"orthographic":false}