{"cameraMode":{"drawMode":0,"name":"Shaded","section":"Shading Mode"},"sceneLighting":true,"audioPlay":false,"sceneViewState":{"showFog":false,"showMaterialUpdate":false,"showSkybox":false,"showFlares":false,"showImageEffects":false,"showParticleSystems":false},"in2DMode":false,"pivot":{"x":7.234017372131348,"y":2.252332925796509,"z":-0.26849794387817385},"rotation":{"x":0.042597826570272449,"y":-0.20092862844467164,"z":0.008745172992348671,"w":0.9786401987075806},"size":11.093929290771485,"orthographic":false}