{"cameraMode":{"drawMode":0,"name":"Shaded","section":"Shading Mode"},"sceneLighting":false,"audioPlay":false,"sceneViewState":{"showFog":false,"showMaterialUpdate":false,"showSkybox":false,"showFlares":false,"showImageEffects":false,"showParticleSystems":false},"in2DMode":false,"pivot":{"x":-16.478763580322267,"y":2.6408562660217287,"z":29.469999313354493},"rotation":{"x":0.15335781872272492,"y":-0.08232808113098145,"z":0.012760189361870289,"w":0.984652578830719},"size":12.955892562866211,"orthographic":true}