{"cameraMode":{"drawMode":0,"name":"Shaded","section":"Shading Mode"},"sceneLighting":true,"audioPlay":false,"sceneViewState":{"showFog":false,"showMaterialUpdate":false,"showSkybox":false,"showFlares":false,"showImageEffects":false,"showParticleSystems":false},"in2DMode":false,"pivot":{"x":46.56856918334961,"y":45.996456146240237,"z":125.57817077636719},"rotation":{"x":0.20552575588226319,"y":0.002035974757745862,"z":-0.0004886299138888717,"w":0.9786494970321655},"size":627.475830078125,"orthographic":false}