{"cameraMode":{"drawMode":0,"name":"Shaded","section":"Shading Mode"},"sceneLighting":true,"audioPlay":false,"sceneViewState":{"showFog":false,"showMaterialUpdate":false,"showSkybox":false,"showFlares":false,"showImageEffects":false,"showParticleSystems":false},"in2DMode":false,"pivot":{"x":1.2000007629394532,"y":-0.7000007629394531,"z":78.836669921875},"rotation":{"x":0.061381079256534579,"y":0.05088111013174057,"z":-0.0031339863780885936,"w":0.9968118071556091},"size":147.84524536132813,"orthographic":false}