{"cameraMode":{"drawMode":0,"name":"Shaded","section":"Shading Mode"},"sceneLighting":true,"audioPlay":false,"sceneViewState":{"showFog":false,"showMaterialUpdate":false,"showSkybox":false,"showFlares":false,"showImageEffects":false,"showParticleSystems":false},"in2DMode":false,"pivot":{"x":5.424407958984375,"y":9.288581848144532,"z":84.63621520996094},"rotation":{"x":0.2277195006608963,"y":0.14830289781093598,"z":-0.03511601686477661,"w":0.9617260694503784},"size":124.26060485839844,"orthographic":false}