{"cameraMode":{"drawMode":0,"name":"Shaded","section":"Shading Mode"},"sceneLighting":true,"audioPlay":false,"sceneViewState":{"showFog":false,"showMaterialUpdate":false,"showSkybox":false,"showFlares":false,"showImageEffects":false,"showParticleSystems":false},"in2DMode":false,"pivot":{"x":1.2819995880126954,"y":3.659045934677124,"z":-0.7320137023925781},"rotation":{"x":-0.055465202778577808,"y":0.014975687488913536,"z":0.0008350264979526401,"w":0.9983479976654053},"size":21.742090225219728,"orthographic":false}