{"cameraMode":{"drawMode":0,"name":"Shaded","section":"Shading Mode"},"sceneLighting":true,"audioPlay":false,"sceneViewState":{"showFog":false,"showMaterialUpdate":false,"showSkybox":false,"showFlares":false,"showImageEffects":false,"showParticleSystems":false},"in2DMode":false,"pivot":{"x":537.2793579101563,"y":148.70750427246095,"z":0.0},"rotation":{"x":0.046468738466501239,"y":0.026966989040374757,"z":-0.001269142609089613,"w":0.9985548853874207},"size":396.8873596191406,"orthographic":false}