{"cameraMode":{"drawMode":0,"name":"Shaded","section":"Shading Mode"},"sceneLighting":true,"audioPlay":false,"sceneViewState":{"showFog":false,"showMaterialUpdate":false,"showSkybox":false,"showFlares":false,"showImageEffects":false,"showParticleSystems":false},"in2DMode":false,"pivot":{"x":3.35044002532959,"y":-0.8130338191986084,"z":-3.768314838409424},"rotation":{"x":0.11852271854877472,"y":0.6119325160980225,"z":-0.09343361854553223,"w":0.7763769030570984},"size":12.246560096740723,"orthographic":false}