{"cameraMode":{"drawMode":0,"name":"Shaded","section":"Shading Mode"},"sceneLighting":true,"audioPlay":false,"sceneViewState":{"showFog":false,"showMaterialUpdate":false,"showSkybox":false,"showFlares":false,"showImageEffects":false,"showParticleSystems":false},"in2DMode":false,"pivot":{"x":138.16163635253907,"y":25.820526123046876,"z":154.2251434326172},"rotation":{"x":0.16280406713485719,"y":0.1303996443748474,"z":-0.021773571148514749,"w":0.9777610898017883},"size":386.9643249511719,"orthographic":false}